T*,v*,Flagged %,KS (TT),n_clean,n_sim
300,4,41.42857142857143,0.2744786143513609,41,138
300,5,48.57142857142857,0.30434782608695654,36,138
300,6,52.85714285714286,0.3346508563899868,33,138
325,4,40.0,0.2826086956521739,42,138
325,5,47.14285714285714,0.2953388170779475,37,138
325,6,50.0,0.31387163561076603,35,138
350,4,40.0,0.2826086956521739,42,138
350,5,47.14285714285714,0.2953388170779475,37,138
350,6,48.57142857142857,0.30434782608695654,36,138
